symbol,security_id,signal_time,entry_next_1h_open,signal_close,signal_high,rsi,stoch_k,stoch_d,previous_swing_high,mfe_pct_next_bars,mae_pct_next_bars,forward_bars_checked
TATASTEEL,3499,2026-08-18 09:15:00+05:30,185.78,185.72,187.11,54.17743161290655,97.5099506347875,99.06110203175679,186.35,1.7655291204650667,0.0,6
UPL,11287,2026-08-18 09:15:00+05:30,567.35,567.35,570.05,51.97146445104491,97.29472492263595,99.02289367122097,568.45,1.6568255926676614,0.11456772715254732,6
RELIANCE,2885,2026-08-18 10:15:00+05:30,1323.3,1323.4,1324.0,61.261186492751214,99.32310072449117,99.50594721578652,1328.6,0.9672787727650536,0.1889216353056752,6
TORNTPHARM,3518,2026-08-18 11:15:00+05:30,4975.0,4975.0,4999.0,66.3660451343745,99.27856521490342,99.75952173830113,4987.0,0.592964824120603,0.6834170854271356,6
AXISBANK,5900,2026-08-18 12:15:00+05:30,1237.0,1237.2,1239.8,62.70194284251888,96.77270976994252,98.92423658998085,1240.0,1.0509296685529508,1.0913500404203718,6
M&M,2031,2026-08-18 12:15:00+05:30,3427.0,3427.0,3430.0,52.96073897405288,95.76939517825456,97.3670657582192,3430.6,1.6311642836299995,0.23344032681645752,6
PETRONET,11351,2026-08-18 12:15:00+05:30,285.75,285.75,286.95,68.52282982723439,90.7728253420227,96.92427511400756,286.6,0.3499562554680665,2.012248468941382,6
SONACOMS,4684,2026-08-19 09:15:00+05:30,825.7,825.5,829.7,71.38295423640622,97.13696226392948,99.0456540879765,827.35,0.7872108513988131,1.5017560857454253,6
FEDERALBNK,1023,2026-08-19 10:15:00+05:30,358.05,357.85,359.75,60.39309780232913,90.47349140796052,96.16568793775737,359.5,0.3072196620583781,1.717637201508163,6
HDFCAMC,4244,2026-08-19 14:15:00+05:30,2558.7,2540.5,2552.6,59.74498250264321,79.28194847375788,82.72291152702253,2551.7,0.22276937507327232,1.8876773361472694,6
IDFCFIRSTB,11184,2026-08-20 11:15:00+05:30,86.39,86.4,86.49,65.2630893865319,97.5006679470538,98.4359917656878,86.5,0.9260331056835248,0.06945248292626725,6
INDHOTEL,1512,2026-08-20 11:15:00+05:30,735.6,735.6,736.4,73.05077987520306,98.33186593580847,99.44395531193616,737.0,1.1827079934747207,0.20391517128874387,6
NYKAA,6545,2026-08-20 12:15:00+05:30,330.85,330.65,332.45,61.475986171931574,96.58288820109648,98.86096273369883,331.5,0.8614175608281767,0.816079794468789,6
UPL,11287,2026-08-20 12:15:00+05:30,572.2,572.2,575.2,61.95686885584133,94.83561406232076,97.93387332786978,574.85,0.8912967493883296,0.3932191541419084,6
CANBK,10794,2026-08-20 13:15:00+05:30,129.94,129.94,130.24,51.96797560798676,88.2937794479888,89.43310074491338,130.49,0.9311990149299738,0.007695859627513396,6
CDSL,21174,2026-08-20 13:15:00+05:30,1353.1,1353.1,1358.0,57.336583520933836,87.63735788830017,89.44097919628636,1358.0,0.5542827581110044,3.5991427093341253,6
DALBHARAT,8075,2026-08-20 13:15:00+05:30,1916.0,1916.0,1923.4,77.97477665417432,94.82197756326589,98.27399252108864,1925.0,1.8632567849686872,0.20876826722338201,6
HDFCAMC,4244,2026-08-20 13:15:00+05:30,2596.8,2596.8,2600.8,73.29812547453888,98.25996255359881,99.41998751786628,2607.0,0.06931608133087576,1.0435921133702983,6
HDFCLIFE,467,2026-08-20 13:15:00+05:30,541.0,541.05,542.55,53.7470986304352,86.2016282604028,86.68302890138084,543.2,0.7024029574861284,1.8207024029574903,6
KOTAKBANK,1922,2026-08-20 13:15:00+05:30,398.5,398.55,399.55,66.8816829111282,97.99045084027644,99.33015028009214,399.5,0.2634880803011321,1.8820577164366372,6
LAURUSLABS,19234,2026-08-20 13:15:00+05:30,1823.7,1823.7,1828.3,56.142458398813766,95.32561276448466,96.68320218747165,1832.0,1.7327411306684286,0.6963864670724377,6
LICHSGFIN,1997,2026-08-20 13:15:00+05:30,508.1,508.1,509.5,69.4197258507744,96.17657817745355,98.72552605915119,510.3,3.3654792363707977,0.6593190316866692,6
PREMIERENE,25049,2026-08-20 13:15:00+05:30,1045.5,1045.5,1049.5,65.56585917468075,96.77674350994347,98.92558116998116,1049.6,0.7173601147776184,2.5729316116690666,6
RVNL,9552,2026-08-20 13:15:00+05:30,229.44,229.44,231.2,61.27206576884157,97.80050262079129,97.95872094894783,230.51,1.2595885634588504,0.845536959553695,6
VBL,18921,2026-08-20 13:15:00+05:30,439.6,439.6,440.5,56.09354254213573,94.00458691127619,94.41190372016247,440.7,1.831210191082805,0.4549590536851683,6
GODREJCP,10099,2026-08-20 14:15:00+05:30,944.4,945.0,947.7,53.91012202809482,95.46043989517356,97.41954261043308,948.0,1.7365523083439198,0.14824227022447875,6
GODREJPROP,17875,2026-08-20 14:15:00+05:30,2020.0,2030.0,2041.9,55.30787118552211,94.82948450124132,96.22122527955902,2039.2,0.3366336633663344,0.980198019801978,6
JUBLFOOD,18096,2026-08-20 14:15:00+05:30,512.15,508.5,510.4,61.22858942567716,93.00901701060855,94.79441574611128,510.9,2.2747242018939717,0.0,6
PERSISTENT,18365,2026-08-20 14:15:00+05:30,5685.0,5680.0,5699.5,68.48507227365111,98.4348258781899,99.47827529272996,5706.0,1.4599824098504837,0.6508355321020229,6
SUPREMEIND,3363,2026-08-20 14:15:00+05:30,3658.7,3661.0,3674.9,69.93402095757577,95.7158591007189,95.80031779020415,3668.0,1.44040232869598,0.4400470112335082,6
BAJAJ-AUTO,16669,2026-08-21 09:15:00+05:30,11700.0,11700.0,11790.0,51.203787513779105,89.66208016655476,93.70917948659813,11738.0,0.3418803418803419,1.0683760683760684,6
ETERNAL,5097,2026-08-21 09:15:00+05:30,326.65,326.75,331.7,65.49779795350673,88.72003379453429,92.24103978796643,328.3,1.1174039491810739,0.8418796877391703,6
HDFCAMC,4244,2026-08-21 11:15:00+05:30,2613.3,2613.5,2623.9,74.47935670225534,94.99071380121205,95.47278104620877,2622.9,0.5089350629472384,0.6007729690429655,6
DLF,14732,2026-08-21 12:15:00+05:30,681.5,681.7,682.85,62.75487625314583,89.96799848752478,93.28011042053795,684.45,0.5135730007336757,1.0711665443873741,6
PAYTM,6705,2026-08-21 12:15:00+05:30,1626.9,1626.9,1631.4,62.12712142318248,97.3149334132911,97.80135752296685,1629.9,1.0203454422521443,0.7130124777183545,6
COALINDIA,20374,2026-08-21 13:15:00+05:30,404.65,404.4,405.3,50.93269565248193,94.98774700849718,97.97969170717658,405.9,0.16063264549610215,1.5569010255776627,6
HDFCBANK,1333,2026-08-21 13:15:00+05:30,730.65,730.65,731.55,59.97062388962039,93.74112469674128,96.70220855414209,732.8,0.8964620543351749,0.5132416341613633,6
ICICIBANK,4963,2026-08-21 13:15:00+05:30,1418.4,1418.3,1420.0,56.95844739998424,97.19296065231417,97.75528665432766,1419.9,0.6838691483361566,0.5005640157924357,6
GODREJPROP,17875,2026-08-21 14:15:00+05:30,2035.0,2029.9,2037.2,54.18454448945018,85.9686585734886,89.32626380579164,2039.8,0.3292383292383315,0.6339066339066384,6
NATIONALUM,6364,2026-08-21 14:15:00+05:30,398.45,396.3,397.5,62.164059467861264,97.43414578688525,98.27192247757763,397.05,0.23842389258375923,1.6438699962354153,6
BAJAJ-AUTO,16669,2026-08-24 10:15:00+05:30,11790.0,11790.0,11838.0,60.78615295243032,80.36218710521253,80.61974934016037,11825.0,0.5004240882103477,0.2544529262086514,6
JSWSTEEL,11723,2026-08-24 13:15:00+05:30,1308.9,1309.6,1312.1,66.35235589282061,96.14378668274657,96.69881649587717,1314.9,0.05348002139201203,1.3293605317442023,6
NATIONALUM,6364,2026-08-24 13:15:00+05:30,403.55,403.6,404.7,70.78507659320067,99.43559446724281,99.81186482241428,405.0,2.8497088340973855,0.07434023045471722,6
BAJAJ-AUTO,16669,2026-08-24 14:15:00+05:30,11800.0,11795.0,11807.0,60.36705903272273,82.60436949764336,83.11245438372352,11838.0,0.6610169491525424,0.9406779661016949,6
ICICIBANK,4963,2026-08-25 14:15:00+05:30,,1420.8,1424.4,57.427702150636335,87.91895075571215,89.16241552935712,1424.9,,,0
